CHROM,POS,FST
random_1,1800,0.081352
random_1,2200,0.024
random_1,2600,0.5241
random_1,3000,0.00243
random_2,1800,0.531
random_2,2200,0.00
random_2,2600,0.00
random_2,3000,0.00
random_3,1800,0.00
random_3,2200,0.653
random_4,1800,0.112
random_4,2200,0.34
random_4,2600,0.023
random_4,3000,0.3
random_4,3400,0.756
random_5,1800,0.000
random_5,2200,0.021
random_5,2600,0.524
random_5,3000,0.863
random_5,3400,0.354
random_5,3800,0.0043
random_5,4200,0.143
