CHROM,POS,FST
random_1,1800,0.002
random_1,2200,0.30
random_1,2600,0.003
random_1,3000,0.00563
random_2,1800,0.20
random_2,2200,0.745
random_2,2600,0.23
random_2,3000,0.4423
random_3,1800,0.0235
random_3,2200,0.5324
random_4,1800,0.04532
random_4,2200,0.024
random_4,2600,0.573
random_4,3000,0.2543
random_4,3400,0.756
random_5,1800,0.000
random_5,2200,0.021
random_5,2600,0.524
random_5,3000,0.863
random_5,3400,0.354
random_5,3800,0.003
